iter	MultiClass
0	-1.917460422
1	-1.517084068
2	-1.309286629
3	-1.147855648
4	-1.036082318
5	-0.9381554351
6	-0.8504817277
7	-0.7790419298
8	-0.7205872374
9	-0.6642648196
10	-0.6194890041
11	-0.57580422
12	-0.536944348
13	-0.4984768248
14	-0.4684699827
15	-0.4402679617
16	-0.410466357
17	-0.3867926408
18	-0.3638106525
19	-0.3421195554
