iter	MultiClass
0	-2.452791258
1	-2.431208974
2	-2.415597998
3	-2.402890664
4	-2.392512729
5	-2.384187783
6	-2.376467775
7	-2.369992135
8	-2.364985951
9	-2.359143069
10	-2.354153035
11	-2.349571072
12	-2.345455078
13	-2.342103863
14	-2.338657854
15	-2.336211385
16	-2.334196072
17	-2.33203762
18	-2.330836821
19	-2.329210819
