iter	MultiClass
0	-1.84635975
1	-1.409797814
2	-1.211245738
3	-1.047221053
4	-0.9213430768
5	-0.8213208713
6	-0.740537639
7	-0.6663081225
8	-0.6088247451
9	-0.5577470471
