iter	Logloss
0	0.5237502114
1	0.3885624154
2	0.3038798851
3	0.2106970101
4	0.1687122739
5	0.09655013523
6	0.05727227183
7	0.03577799397
8	0.02385280133
9	0.01147177041
