iter	MultiClass
0	-1.91722378
1	-1.516387313
2	-1.307960145
3	-1.159298929
4	-1.037911299
5	-0.9370117773
6	-0.8497237134
7	-0.7748669486
8	-0.7177785973
9	-0.6651771886
10	-0.6137473703
11	-0.5714376197
12	-0.5284494426
13	-0.4927432007
14	-0.4583593761
15	-0.4292200349
16	-0.4054198825
17	-0.381531285
18	-0.3612148837
19	-0.3412514365
