iter	Logloss
0	0.2969019345
1	0.1225632967
2	0.05111845575
3	0.02218776033
4	0.01017526869
5	0.004964776619
6	0.002467664892
7	0.001318097441
8	0.0007563429846
9	0.0004677643
