iter	Logloss
0	0.2915945097
1	0.1203075769
2	0.05018498886
3	0.02179326554
4	0.01000040388
5	0.004882228684
6	0.002470204181
7	0.001382002851
8	0.0008094731255
9	0.0005209241439
