iter	Logloss
0	0.4417033675
1	0.1966346289
2	0.09114354012
3	0.04614424066
4	0.0205217054
5	0.0102231791
6	0.005847230268
7	0.003812662848
8	0.002812047916
9	0.002307223861
