iter	MultiClass
0	-2.416362193
1	-2.364187603
2	-2.324993251
3	-2.292439551
4	-2.262285063
5	-2.239096002
6	-2.221203488
7	-2.203464502
8	-2.18711899
9	-2.174724296
10	-2.161956982
