iter	MultiClass
0	-1.917293849
1	-1.516162684
2	-1.307816622
3	-1.1590952
4	-1.037890056
5	-0.9371438824
6	-0.8497788321
7	-0.7823629225
8	-0.7178131166
9	-0.6598377834
10	-0.6154646168
11	-0.5708957219
12	-0.5307184601
