iter	MultiClass
0	-2.416299314
1	-2.364102472
2	-2.324562861
3	-2.292059195
4	-2.26841673
5	-2.243458817
6	-2.22224033
7	-2.206674293
8	-2.18992996
9	-2.178322597
10	-2.166586346
11	-2.154872745
12	-2.146921897
13	-2.139545289
14	-2.131974563
15	-2.125807116
16	-2.118844536
17	-2.114493343
18	-2.109522336
19	-2.103985674
