iter	Logloss
0	0.2969025513
1	0.1225643371
2	0.05111973697
3	0.02218915415
4	0.01017669465
5	0.004966189499
6	0.00258686422
7	0.00144069499
8	0.0008465725172
9	0.0005158070536
